target,block,rung,learner,train_rmse,test_rmse,train_mae,test_mae,train_r2,test_r2,test_mse
gpqa,Academic,i_date,ridge,0.8022428117133407,0.8173720256373548,0.580366010696274,0.5929712237950336,0.3564064710542735,0.34793669551225626,0.6680970282945126
gpqa,Academic,i_date,elasticnet,0.802465570093224,0.8177466211041722,0.5837117514508402,0.5961159404827076,0.35604900881495705,0.3473388871177211,0.6687095363272905
gpqa,Academic,i_date,rf,0.5642192778255676,0.7989578495513991,0.41219192000008986,0.5528727411689925,0.6816566065299949,0.3769857842032929,0.6383336453597962
gpqa,Academic,i_date,gbm,0.40154031803931606,0.7841744432779143,0.30971887413426386,0.5287728568737642,0.8387653729888849,0.39982819515325674,0.6149295574902268
gpqa,Academic,ii_meanidx,ridge,0.4668326138018673,0.47405974980437987,0.3690202620229382,0.37567702508497075,0.7820673106909166,0.7806607336633535,0.22473264638459123
gpqa,Academic,ii_meanidx,elasticnet,0.467101021961072,0.47537154832625766,0.36876561487545967,0.3754213303405976,0.7818166352829221,0.7794451610640061,0.22597810895810355
gpqa,Academic,ii_meanidx,rf,0.2326703897221255,0.37838249007170344,0.17207288307187416,0.27383795277923106,0.9458644897465542,0.8602627209939275,0.14317330879286275
gpqa,Academic,ii_meanidx,gbm,0.15417307921978143,0.3912524946309277,0.11892299061255866,0.2838400700463559,0.976230661643891,0.8505952312023196,0.15307851455492413
gpqa,Academic,iii_f1,ridge,0.9847382640064113,1.0009253067387942,0.8058807564145699,0.8026448136683361,0.0302905514016395,0.02219205855972861,1.0018514696701493
gpqa,Academic,iii_f1,elasticnet,0.9847397561379121,1.0010109570405061,0.8059515579840846,0.8017653158802295,0.03028761268144553,0.022024707154168266,1.0020229361151498
gpqa,Academic,iii_f1,rf,0.6863335131260151,1.032695265694693,0.5391966560172918,0.7697713888418978,0.5289463087601021,-0.04086544904144174,1.0664595117882325
gpqa,Academic,iii_f1,gbm,0.4901908519851887,1.0442075708852174,0.38149072385199795,0.7708924990600892,0.7597129286300348,-0.06420157145112193,1.0903694510940063
gpqa,Academic,iv_kfac,ridge,0.35572006312810256,0.39124049964185714,0.253108624648618,0.2838844285990169,0.8734632366881387,0.8506043919418536,0.15306912856001
gpqa,Academic,iv_kfac,elasticnet,0.3610427762062384,0.395534465794824,0.25649712015742687,0.2901884522776891,0.8696481137492921,0.84730708505331,0.15644751363159679
gpqa,Academic,iv_kfac,rf,0.2529754658084012,0.6816439187794846,0.182241686639402,0.4956967974056927,0.9360034136990224,0.5465124696913501,0.46463843200905264
gpqa,Academic,iv_kfac,gbm,0.16090504530120142,0.6049445495330701,0.11985254925983073,0.42417957318118815,0.9741095663966183,0.642824750456637,0.3659579080097691
gpqa,Academic,v_kfac_cov,ridge,0.2973194748506661,0.3203761239321061,0.2095888196643453,0.22889423320513191,0.9116011298745241,0.8998224269455578,0.10264086078576022
gpqa,Academic,v_kfac_cov,elasticnet,0.301514334149228,0.3248269756770838,0.2135688137086118,0.23397627530696674,0.9090891063025477,0.897019641884057,0.10551256412752079
gpqa,Academic,v_kfac_cov,rf,0.20038912253301808,0.5011286231520174,0.15303428755506318,0.37359533224739366,0.9598441995704471,0.7548969932199198,0.2511298969422367
gpqa,Academic,v_kfac_cov,gbm,0.13098256747388243,0.4346171870804986,0.09207009838926565,0.32298758128625926,0.9828435670179498,0.8156411400610987,0.18889209930576514
hle,Academic,i_date,ridge,0.7882791619447516,0.7968533133508628,0.6485080543668538,0.655302185799116,0.37861596284368015,0.37198183831353204,0.6349752029982484
hle,Academic,i_date,elasticnet,0.7882005553590233,0.7968192000877921,0.6483476896125867,0.6552283743252229,0.37873988453172713,0.3720356080345809,0.6349208376285488
hle,Academic,i_date,rf,0.5498749661479638,0.7437748679487011,0.4036632107045514,0.5289248920169068,0.6976375216037756,0.45286003696477894,0.5532010541921077
hle,Academic,i_date,gbm,0.43599071799446243,0.7937317715123559,0.32300229045130796,0.5719555850034567,0.8099120938226732,0.37689251683208036,0.6300101251081427
hle,Academic,ii_meanidx,ridge,0.3561267252872785,0.36059501929418325,0.27753797409351694,0.28140024011244896,0.8731737555361592,0.8713958790480241,0.1300287679397724
hle,Academic,ii_meanidx,elasticnet,0.35778261317631066,0.3618436091095049,0.2794119445296107,0.2828102083398536,0.8719916017087305,0.8705037325291434,0.13093079745339217
hle,Academic,ii_meanidx,rf,0.19785775050700616,0.2868292603967203,0.14102218683180148,0.20522581234830875,0.9608523105643073,0.9186303695045439,0.08227102461972959
hle,Academic,ii_meanidx,gbm,0.12506922715832483,0.3227997086670925,0.08905280574688401,0.2272808427844751,0.9843576884180193,0.8969420009862019,0.10419965191555981
hle,Academic,iii_f1,ridge,0.8982016601209554,0.9084591491926943,0.7668025833823497,0.7756520844965863,0.19323377775595962,0.18374426823464773,0.825298025751914
hle,Academic,iii_f1,elasticnet,0.8973109968490858,0.905549626440818,0.7653218304323324,0.7711869252796023,0.19483297493369978,0.18896434126636674,0.8200201259471052
hle,Academic,iii_f1,rf,0.6730708956328048,0.909753113518929,0.5417279014298173,0.7114044898749493,0.546975569452054,0.18141734356752415,0.8276507275573852
hle,Academic,iii_f1,gbm,0.4372525088577803,0.9564146118074337,0.3607873491119496,0.7104313613714698,0.8088102434975768,0.09529322470328139,0.9147289096787641
hle,Academic,iv_kfac,ridge,0.36954150103445904,0.38629618824206263,0.2902829070910085,0.3045207697409084,0.8634390790131989,0.8524102207107616,0.14922474505034708
hle,Academic,iv_kfac,elasticnet,0.37305641980096904,0.3892971270426545,0.29381045568177205,0.306571169739086,0.8608289076452831,0.8501082137432243,0.1515522531236647
hle,Academic,iv_kfac,rf,0.1973933027586786,0.5744562793078628,0.14500194327142868,0.4002824620404271,0.9610358840260206,0.6736155948273048,0.3300000168362333
hle,Academic,iv_kfac,gbm,0.09693576331559187,0.46677703924536906,0.0703744142105728,0.3406213352514105,0.9906034577904236,0.7845063845343512,0.2178808043666728
hle,Academic,v_kfac_cov,ridge,0.33830283894803576,0.36249002118768625,0.2611374838933395,0.28327789577631235,0.8855511891596993,0.870040644504922,0.13139901546064922
hle,Academic,v_kfac_cov,elasticnet,0.34714412638457626,0.3714440746034228,0.27058903660002204,0.29232453851711876,0.8794909555166893,0.8635409614078048,0.13797070055799313
hle,Academic,v_kfac_cov,rf,0.19231277689880902,0.4797905114847316,0.13355977886339773,0.3339820068219675,0.9630157958414689,0.7723232163362922,0.23019893491078036
hle,Academic,v_kfac_cov,gbm,0.051617684838158075,0.4093418513611187,0.03420878429756371,0.30775096012605907,0.9973356146119486,0.8342751110750238,0.16756075127574824
omniscience,Academic,i_date,ridge,0.8999411426610944,0.9223428072591962,0.7632730008152704,0.7760750410743222,0.19010593974584378,0.1814941420525532,0.8507162541027747
omniscience,Academic,i_date,elasticnet,0.9002174607443163,0.9231575368171426,0.7642255259216402,0.7757720865032377,0.18960852337105527,0.18004748807872195,0.852219837782294
omniscience,Academic,i_date,rf,0.6442671481132548,0.9280409257766487,0.5087270209481103,0.7160282741926197,0.5849198418620134,0.17134964918399787,0.8612599599163792
omniscience,Academic,i_date,gbm,0.47565829770385165,0.977773923860914,0.3762445634810761,0.744329938569804,0.7737491838254741,0.08015645901997337,0.9560418461823685
omniscience,Academic,ii_meanidx,ridge,0.5147882257272636,0.5358610171502416,0.4352844399295163,0.45457232157932886,0.7349930826525759,0.7237251260109079,0.28714702970129147
omniscience,Academic,ii_meanidx,elasticnet,0.5156484363824018,0.5360174158676713,0.4372531311159422,0.45646438464252376,0.7341066900563842,0.7235638329137986,0.28731467011345607
omniscience,Academic,ii_meanidx,rf,0.42419405930584364,0.5903380775830815,0.3393460933760199,0.4803686574677522,0.8200594000496304,0.6646960615397519,0.3484990458444884
omniscience,Academic,ii_meanidx,gbm,0.31107115792863954,0.6287321326193762,0.24927288145502238,0.5128077450256084,0.9032347347049354,0.6196631773161234,0.39530409458810895
omniscience,Academic,iii_f1,ridge,0.9722222651243109,1.0130988304856505,0.8138938608464105,0.8578347837471426,0.05478386719655426,0.012491848396228078,1.0263692403313929
omniscience,Academic,iii_f1,elasticnet,0.9750641550103066,1.0055643521067663,0.8173691820734522,0.852402793538977,0.049249893614036644,0.027125547282966567,1.0111596662279008
omniscience,Academic,iii_f1,rf,0.7727566955165676,0.9784570456341484,0.6421601374215005,0.7761343232454959,0.4028470895343149,0.07887071261349621,0.9573781901511059
omniscience,Academic,iii_f1,gbm,0.5497817411134045,1.0816225955231096,0.4493361921071224,0.8500946488436899,0.6977400371383135,-0.12561160972214602,1.1699074391461484
omniscience,Academic,iv_kfac,ridge,0.49222308752766575,0.5249933326496053,0.4190270061895487,0.4438531665408594,0.7577164321047319,0.734817636413382,0.27561799932653913
omniscience,Academic,iv_kfac,elasticnet,0.49594751967576906,0.5281855915333581,0.42464826063703304,0.45045930369692216,0.7540360577274526,0.7315829117109209,0.27898001910344344
omniscience,Academic,iv_kfac,rf,0.3168314814087609,0.8054810735484219,0.24756776967970776,0.6316051338469449,0.89961781238833,0.37576553697345605,0.6487997598447183
omniscience,Academic,iv_kfac,gbm,0.14081477446803223,0.8065681501389622,0.11055174028027266,0.6425208118887368,0.9801711992915172,0.3740794673517879,0.6505521808185876
omniscience,Academic,v_kfac_cov,ridge,0.4291625694954077,0.4614772156392166,0.3537881471903019,0.38955080307996387,0.8158194889440994,0.7951020617056056,0.21296122055412403
omniscience,Academic,v_kfac_cov,elasticnet,0.42865634687015963,0.46247108627148314,0.3543885265659017,0.39185487156993126,0.8162537362879294,0.794218545355615,0.21387950563712563
omniscience,Academic,v_kfac_cov,rf,0.3016628030058576,0.6168915742558526,0.2342012329388458,0.5030668402689712,0.9089995532826491,0.6338536254048314,0.3805552143878641
omniscience,Academic,v_kfac_cov,gbm,0.2116452031021154,0.5495257500000812,0.15784361762010593,0.4311214517833177,0.9552063080038643,0.7094551668827883,0.30197854991315176
tau2,Economic,i_date,ridge,0.6786421130593654,0.6900092256694762,0.5488046239920839,0.5568010097009783,0.5394448823823195,0.5329438992398121,0.4761127315089902
tau2,Economic,i_date,elasticnet,0.6789925880431565,0.6899454685663128,0.5520424101033459,0.5598783023652149,0.5389690653824564,0.5330302075589937,0.47602474959518887
tau2,Economic,i_date,rf,0.42554594504208987,0.6794184604439604,0.31862702968359286,0.49776377468114824,0.8189106486582346,0.5471713043914841,0.4616094443920414
tau2,Economic,i_date,gbm,0.34764337222261027,0.6879237782573654,0.25858140596137114,0.4987292600225189,0.8791440857496916,0.5357628442213075,0.4732391246918888
tau2,Economic,ii_meanidx,ridge,0.5942945680661302,0.6058195594739028,0.4582574403553696,0.47213594964695876,0.6468139663670918,0.6399640762517987,0.36701733864115366
tau2,Economic,ii_meanidx,elasticnet,0.5947241313160717,0.609750216902297,0.46106451733996967,0.4763394366617979,0.6463032076303439,0.6352769749195613,0.3717953270123983
tau2,Economic,ii_meanidx,rf,0.42198953823617863,0.5947818426671991,0.2921744620240282,0.4136579720977071,0.8219248296192168,0.6529638965174159,0.3537654403665888
tau2,Economic,ii_meanidx,gbm,0.24599327165933546,0.6218973682594733,0.18774575532478088,0.4151937095050198,0.9394873102983364,0.6206005540607434,0.38675633664805886
tau2,Economic,iii_f1,ridge,0.9575533520439939,0.996797454585254,0.8472555028193619,0.8812583081498256,0.0830915779893111,0.02529522197888323,0.9936051654676415
tau2,Economic,iii_f1,elasticnet,0.957691784062664,0.9962463078199681,0.8484882367353147,0.8813370375094906,0.08282644673887185,0.02637278666950882,0.9925067058449187
tau2,Economic,iii_f1,rf,0.7371301078942275,1.0429621606510995,0.6087114911639583,0.8658612306369986,0.45663920403584457,-0.06707847347496654,1.08777006855001
tau2,Economic,iii_f1,gbm,0.527243104014367,1.0950203195889734,0.4266401139350749,0.8965176191723963,0.7220147092692955,-0.17626076408746294,1.1990695003127374
tau2,Economic,iv_kfac,ridge,0.5486006568249071,0.5733118012271199,0.4024730882072096,0.4255200384410169,0.6990373193312805,0.6775658616025024,0.3286864214262846
tau2,Economic,iv_kfac,elasticnet,0.5514201858216379,0.5748388858907398,0.4124135808210578,0.4347355229362755,0.6959357786684304,0.6758458900655222,0.33043974473210697
tau2,Economic,iv_kfac,rf,0.4254009510828252,0.8068141297424543,0.32148191205900195,0.6108842920186796,0.8190340308178278,0.3614333323328438,0.6509490399520739
tau2,Economic,iv_kfac,gbm,0.26375133449749644,0.8159098910726515,0.18315336556200423,0.6371194258488603,0.9304352335507897,0.34695418539580825,0.6657089503501861
tau2,Economic,v_kfac_cov,ridge,0.5284349203630682,0.605644074221558,0.3973026511609501,0.45976625295143264,0.7207565349408778,0.6401726262837519,0.366804744639688
tau2,Economic,v_kfac_cov,elasticnet,0.5468998474295697,0.5930224124614865,0.4186450154360067,0.4550833536854501,0.7009005568815134,0.655014001847382,0.3516755816816414
tau2,Economic,v_kfac_cov,rf,0.41201060703779835,0.7152973579076817,0.3092283442254915,0.5532011968246962,0.8302472596883449,0.49808231741411335,0.5116503102297101
tau2,Economic,v_kfac_cov,gbm,0.2349546553898597,0.7301569129204194,0.17753846182912225,0.5579048309549877,0.9447963099106322,0.4770120806782392,0.533129117485477
ifbench,Instruction-following,i_date,ridge,0.8131566843515631,0.8286152010805801,0.660842166734307,0.6758627745852621,0.33877620669437236,0.3380804432693977,0.6866031514618102
ifbench,Instruction-following,i_date,elasticnet,0.8133099919895307,0.8294122018508288,0.6633570236519487,0.6784706913568644,0.3385268569299894,0.3368065006548663,0.6879246005790399
ifbench,Instruction-following,i_date,rf,0.4910679617757871,0.8132470240356785,0.3745035263486549,0.6190580795904984,0.7588522569173741,0.36240575902266137,0.6613707221028874
ifbench,Instruction-following,i_date,gbm,0.4396298012635879,0.7768920873303732,0.3354593858992548,0.5849008157192275,0.8067256378409382,0.4181368997943432,0.6035613153565441
ifbench,Instruction-following,ii_meanidx,ridge,0.6576151335923406,0.6810962864687753,0.5669331295915433,0.5818187537649844,0.567542336070328,0.5527849142561367,0.463892151441556
ifbench,Instruction-following,ii_meanidx,elasticnet,0.6576367346814853,0.679435180218405,0.5672326915729994,0.5813163328044494,0.5675139251974736,0.554963654339057,0.4616321641184165
ifbench,Instruction-following,ii_meanidx,rf,0.43299409436738,0.6326220654118762,0.34377554108655445,0.5060187345714485,0.8125161142429724,0.6141770194583487,0.40021067764598817
ifbench,Instruction-following,ii_meanidx,gbm,0.30991247789615434,0.671320826375932,0.24673788833485413,0.5321218904606817,0.9039542560442656,0.565530132742857,0.45067165192606423
ifbench,Instruction-following,iii_f1,ridge,0.9416283333738871,0.949096787468503,0.8401861181744988,0.8449321380329047,0.11333608178751564,0.13159877580510004,0.9007847119830327
ifbench,Instruction-following,iii_f1,elasticnet,0.9422146997030852,0.9438625885826062,0.8414658180354694,0.8420315808742052,0.11223145966342474,0.14115070148654907,0.8908765861258582
ifbench,Instruction-following,iii_f1,rf,0.7415380874140447,1.0045612810136533,0.6193111152393133,0.8612478671076481,0.4501212649143205,0.027135647503939153,1.009143367311792
ifbench,Instruction-following,iii_f1,gbm,0.525997229110801,1.1388345931004475,0.4304251518640503,0.9404582635646568,0.7233269149677595,-0.25031868597009144,1.2969442304422618
ifbench,Instruction-following,iv_kfac,ridge,0.5541453873809973,0.5876756271224921,0.47163712874551805,0.5015032752956027,0.6929228896443644,0.6670532506445208,0.34536264271381434
ifbench,Instruction-following,iv_kfac,elasticnet,0.5563332853166909,0.5915494822948965,0.47850154487353747,0.5077918977613292,0.6904932756487374,0.6626493296567735,0.34993079000335997
ifbench,Instruction-following,iv_kfac,rf,0.32561899487183166,0.7872165698227239,0.2525215745459739,0.6295937684017808,0.8939722701786581,0.4025688349377863,0.6197099278034556
ifbench,Instruction-following,iv_kfac,gbm,0.2252206723140339,0.8217658128440863,0.1635254878915353,0.6470416313261292,0.9492756487624145,0.3489781576849872,0.6752990511593019
ifbench,Instruction-following,v_kfac_cov,ridge,0.5042368900040228,0.5513664557626595,0.42135055750183775,0.4641071993668013,0.7457451587590709,0.706924103695622,0.30400496854027675
ifbench,Instruction-following,v_kfac_cov,elasticnet,0.508596813404899,0.5512740130227449,0.42831692504246205,0.46720956833346267,0.7413292813943824,0.7070223703470446,0.3039030374342015
ifbench,Instruction-following,v_kfac_cov,rf,0.36104802733381147,0.5915781235353487,0.2744285432963218,0.4535363547546056,0.8696443219583633,0.662616661635373,0.3499646762456043
ifbench,Instruction-following,v_kfac_cov,gbm,0.208615107620728,0.6435839348995657,0.15931898570503902,0.4929747232358199,0.9564797368723921,0.6006903464015128,0.4142002812608084
lcr,Long-context,i_date,ridge,0.8390889196303585,0.8566023606343324,0.6712867886911371,0.6795536032562944,0.2959297849535578,0.2989241088436957,0.7337676042443108
lcr,Long-context,i_date,elasticnet,0.8392711814055558,0.8571233323205227,0.6735788557779121,0.681930981609432,0.2956238840621227,0.298071083513181,0.7346604068082373
lcr,Long-context,i_date,rf,0.6027653024747542,0.846472746721504,0.45793633523345284,0.6316085142877793,0.636673990132518,0.3154069924850047,0.7165161109422474
lcr,Long-context,i_date,gbm,0.4531680895230196,0.8772661748638285,0.3536957411250996,0.6156154018106121,0.7946386826380565,0.26469203949762,0.7695959415602133
lcr,Long-context,ii_meanidx,ridge,0.5105151401147658,0.5287511004360057,0.4175443488689646,0.4299228364053768,0.739374291713601,0.732878363097546,0.279577726212287
lcr,Long-context,ii_meanidx,elasticnet,0.5113498658142898,0.5293194784014389,0.4189045516215497,0.43016193551528525,0.7385213147317078,0.7323037726913867,0.28017911021517133
lcr,Long-context,ii_meanidx,rf,0.3399748419012798,0.47412594167278405,0.23251277317030983,0.3149476647475217,0.8844171068741998,0.7852199518247538,0.2247954085671042
lcr,Long-context,ii_meanidx,gbm,0.20516169608356766,0.5368846363498039,0.15063654066344354,0.3651718377703899,0.9579086784601138,0.7245971365829161,0.2882451127484611
lcr,Long-context,iii_f1,ridge,0.984308425042068,1.011580681194954,0.8606461920576187,0.8700405749331318,0.031136924391203635,0.022295638839212373,1.023295474566847
lcr,Long-context,iii_f1,elasticnet,0.9907561185755739,1.0255983888178106,0.8709128563245132,0.8909830891738721,0.018402313505063272,-0.004988653983045932,1.0518520551456891
lcr,Long-context,iii_f1,rf,0.8254367833504314,1.113698507571411,0.6908046195156275,0.9217636947917501,0.318654116692093,-0.18506391536373257,1.240324365766788
lcr,Long-context,iii_f1,gbm,0.5660903371420393,1.1770907185693011,0.4599961016855046,0.9298044184464955,0.6795417301944123,-0.32381217048481714,1.385542559741994
lcr,Long-context,iv_kfac,ridge,0.4109767959929119,0.4547097833129195,0.2923978556133559,0.3137000962030843,0.8310980731554004,0.8024508817133609,0.2067609870404822
lcr,Long-context,iv_kfac,elasticnet,0.41519929580570053,0.458687926448344,0.29347679367858137,0.31572451929379336,0.8276095447624504,0.798979144677636,0.21039461386948144
lcr,Long-context,iv_kfac,rf,0.22818575507196692,0.71833811853631,0.16954212924825782,0.515322792566096,0.9479312611822364,0.5069802415522178,0.5160096525422858
lcr,Long-context,iv_kfac,gbm,0.1186774606459827,0.6792589219661657,0.06920634213322145,0.5004529390329483,0.9859156603346212,0.5591638489002514,0.4613926830706376
lcr,Long-context,v_kfac_cov,ridge,0.39377553447883534,0.4562230989636277,0.27745027133041217,0.30976334270196854,0.8449408284459076,0.8011337706378625,0.20813951602797606
lcr,Long-context,v_kfac_cov,elasticnet,0.401948711242739,0.453290006305551,0.2838573394623872,0.3072928850355148,0.8384372335303012,0.803682602825639,0.20547182981648648
lcr,Long-context,v_kfac_cov,rf,0.2067516145132083,0.5018560889546426,0.14388649396055717,0.346962625994165,0.9572537698961817,0.759361620438767,0.2518595340208502
lcr,Long-context,v_kfac_cov,gbm,0.11364867513953497,0.5390604125484686,0.0766188620754471,0.37657074391566936,0.9870839786390284,0.7223604207502152,0.2905861283769251
scicode,Scientific-coding,i_date,ridge,0.8728742495890871,0.8956571829537672,0.6560061679203169,0.6729064913911881,0.23809054440428812,0.20630648221948888,0.802201789376678
scicode,Scientific-coding,i_date,elasticnet,0.8729682786660253,0.8957722999684181,0.6566423407810583,0.6723745457393967,0.23792638444287684,0.20610244544804912,0.8024080133907097
scicode,Scientific-coding,i_date,rf,0.6581889820671515,0.8940478104039806,0.5042483541989217,0.6610448043370155,0.566787263885407,0.20915623539529404,0.799321487288152
scicode,Scientific-coding,i_date,gbm,0.4889351908825245,0.9232612876622265,0.3899009239954825,0.6796254288028577,0.7609423791166693,0.1566293969612378,0.8524114052957125
scicode,Scientific-coding,ii_meanidx,ridge,0.4388529527862988,0.4439309699818381,0.3302245878121542,0.3315199077469052,0.8074080858307465,0.8050154975610773,0.19707470610901565
scicode,Scientific-coding,ii_meanidx,elasticnet,0.4401012573986069,0.44480113389108544,0.3283429856003166,0.32926208114077155,0.8063108832361652,0.8042503571460541,0.19784804871079534
scicode,Scientific-coding,ii_meanidx,rf,0.31175620194713133,0.40253452090015646,0.2431891002898964,0.3170399622739719,0.9028080705474995,0.8396845166382453,0.1620340405163185
scicode,Scientific-coding,ii_meanidx,gbm,0.2097935670195644,0.44757311700429364,0.16807057627499092,0.36419168420982145,0.9559866592372075,0.8018029466533764,0.20032169506493913
scicode,Scientific-coding,iii_f1,ridge,0.9846981853705635,0.9946140593351689,0.7544729582109791,0.7587694019353588,0.030369483727919366,0.021235081325694183,0.9892571270271829
scicode,Scientific-coding,iii_f1,elasticnet,0.9857597020154868,0.9987558039952997,0.7565907815021907,0.7640187082760114,0.028277809882338634,0.013066617011033066,0.9975131560142975
scicode,Scientific-coding,iii_f1,rf,0.7717996502385557,1.0405332933442761,0.5914755961132847,0.8163746107715149,0.4043252998916431,-0.07122615605914628,1.0827095345578852
scicode,Scientific-coding,iii_f1,gbm,0.5374704838305194,1.1125279380613944,0.4170680499563216,0.8678283564136153,0.7111254790109873,-0.22459098722892823,1.2377184129671377
scicode,Scientific-coding,iv_kfac,ridge,0.41439785055294914,0.4437011675094732,0.31654745483206853,0.33715663136815394,0.8282744214570956,0.8052173141779446,0.1968707260492696
scicode,Scientific-coding,iv_kfac,elasticnet,0.419174061659299,0.4473259454838282,0.3174087442516203,0.33889851211043426,0.8242931060320462,0.8020217942034692,0.20010050150300085
scicode,Scientific-coding,iv_kfac,rf,0.3361243753371306,0.6681022601939499,0.23753203399974762,0.49474928348931163,0.8870204043042238,0.5583735372128362,0.4463606300762644
scicode,Scientific-coding,iv_kfac,gbm,0.18190787924616397,0.6973762495804983,0.13270347533670168,0.5061178746306552,0.9669095234681631,0.518824493434723,0.48633363347896147
scicode,Scientific-coding,v_kfac_cov,ridge,0.33172710184626925,0.37099468879029535,0.2645276991461784,0.2879670145360586,0.8899571299006749,0.8638227400273627,0.13763705911060808
scicode,Scientific-coding,v_kfac_cov,elasticnet,0.3415978025696113,0.37289585307040163,0.26787484516925825,0.2877852490381221,0.8833109412796128,0.8624234817330884,0.13905131723710257
scicode,Scientific-coding,v_kfac_cov,rf,0.20788606616234528,0.5595289655056409,0.1519523968119726,0.4030755304432628,0.956783383495545,0.6902478320313951,0.31307266323981264
scicode,Scientific-coding,v_kfac_cov,gbm,0.10805375886239635,0.5051082508268792,0.07487959022426861,0.3877093177855994,0.9883243851957071,0.7475716477902703,0.25513434505338944
critpt,Scientific-coding,i_date,ridge,0.8927454939317868,0.8986026549912345,0.6295854542320048,0.6384102227034201,0.20300548306449007,0.19702830849646724,0.8074867315572957
critpt,Scientific-coding,i_date,elasticnet,0.8924412491525284,0.8985158114011649,0.6305320933110395,0.6393541994137583,0.20354861681107483,0.19718350406467366,0.8073306633378937
critpt,Scientific-coding,i_date,rf,0.6776857551194044,0.8996874665481864,0.42290660582172473,0.5556781442534685,0.5407420173082427,0.19508841046793202,0.8094375374638941
critpt,Scientific-coding,i_date,gbm,0.45809698095715173,0.9590340366753223,0.2827891910217836,0.5672101116832265,0.7901471560379429,0.08539645277738428,0.9197462835017634
critpt,Scientific-coding,ii_meanidx,ridge,0.6763307492878183,0.6813817039434626,0.5095125788831223,0.5162162075466634,0.5425767175677783,0.5383149882379538,0.4642810264688966
critpt,Scientific-coding,ii_meanidx,elasticnet,0.6768724432766747,0.6816480686431363,0.5047595656365819,0.5109270236617643,0.5418436955326649,0.5379539552788923,0.4646440894849178
critpt,Scientific-coding,ii_meanidx,rf,0.1841933421623668,0.3530334252652223,0.11231626610766332,0.20977230234016217,0.9660728127030572,0.8760642804282905,0.12463259935449529
critpt,Scientific-coding,ii_meanidx,gbm,0.10802490301891277,0.3803362982723256,0.071789890640045,0.23007081252302872,0.9883306203277545,0.8561531386196669,0.14465569978349546
critpt,Scientific-coding,iii_f1,ridge,0.8191766217301624,0.8333504394628631,0.6016386626196383,0.6199603318662202,0.3289496624107586,0.3094101716487996,0.6944729549529471
critpt,Scientific-coding,iii_f1,elasticnet,0.8184479658497165,0.8299742592451801,0.6039641148765612,0.6194225473256451,0.33014292719646154,0.3149944556484313,0.6888572710095855
critpt,Scientific-coding,iii_f1,rf,0.6340702964499235,0.7859289971841557,0.39475380778010244,0.5076183255919631,0.5979548591599062,0.3857693768108277,0.6176843886148925
critpt,Scientific-coding,iii_f1,gbm,0.29904606200595524,1.0118133106179568,0.22302966234913538,0.5943661197237997,0.9105714527987304,-0.018041814872934214,1.0237661755436698
critpt,Scientific-coding,iv_kfac,ridge,0.561091195440341,0.5844512214713905,0.4199871703794686,0.4368323941994892,0.6851766703993291,0.6603267230438337,0.34158323027940035
critpt,Scientific-coding,iv_kfac,elasticnet,0.5625139714270766,0.5839530455017515,0.4148935505458698,0.431718735918963,0.6835780319493381,0.6609055393387286,0.3410011593507707
critpt,Scientific-coding,iv_kfac,rf,0.35753699180292237,0.6005885934365175,0.19479784988307114,0.3734434898953632,0.872167299492517,0.64131022288529,0.3607066585660545
critpt,Scientific-coding,iv_kfac,gbm,0.10008560481569216,0.5256575469516084,0.06880650000780383,0.3179389271861995,0.989982871708677,0.7252291559151745,0.27631585666718234
critpt,Scientific-coding,v_kfac_cov,ridge,0.5467263397430475,0.5823778048090653,0.39333105706687155,0.42845637713893686,0.7010903094311698,0.6627325182118102,0.3391639075342258
critpt,Scientific-coding,v_kfac_cov,elasticnet,0.5514079088286122,0.5867644292360388,0.39568289563543857,0.4263792202970283,0.6959493180812568,0.6576326066887217,0.3442924954166943
critpt,Scientific-coding,v_kfac_cov,rf,0.35379095852442416,0.6136013587337514,0.19394223611067507,0.38087210694011725,0.8748319576663692,0.6255985991068138,0.376506627439906
critpt,Scientific-coding,v_kfac_cov,gbm,0.09166384452346325,0.6041412478687734,0.057764598326654225,0.3533253961923429,0.9915977396071783,0.6370541655157003,0.3649866473764387
terminalbenchHard,Scientific-coding,i_date,ridge,0.7416524098706662,0.7556864049371586,0.5921051027223536,0.6000703645580877,0.44995170293303344,0.4368942552666777,0.5710619426068472
terminalbenchHard,Scientific-coding,i_date,elasticnet,0.7417026633855489,0.75491216427785,0.592145782868062,0.6002802217739882,0.44987715912678317,0.4380475273601454,0.5698923757746676
terminalbenchHard,Scientific-coding,i_date,rf,0.4994699474791455,0.718457059334241,0.390654774690739,0.545493750340221,0.7505297715651796,0.4910110284959732,0.5161805461072051
terminalbenchHard,Scientific-coding,i_date,gbm,0.39496317382476304,0.7463166774288503,0.3096676256814328,0.5608044739774685,0.8440040913222701,0.45077154080489057,0.5569885830084386
terminalbenchHard,Scientific-coding,ii_meanidx,ridge,0.27710180669442785,0.28022978440345137,0.21374710968694668,0.21517495349973412,0.9232145887266839,0.9225653526278054,0.07852873206680484
terminalbenchHard,Scientific-coding,ii_meanidx,elasticnet,0.2792653519689066,0.2822194667376374,0.21735885916563127,0.2183437760775974,0.9220108631896827,0.9214618488444045,0.07964782740567643
terminalbenchHard,Scientific-coding,ii_meanidx,rf,0.19726321487118326,0.2669892567577338,0.14696371467302247,0.20599675475431933,0.9610872240586854,0.9297098755319557,0.07128326322404709
terminalbenchHard,Scientific-coding,ii_meanidx,gbm,0.13228164088821143,0.2911931282645875,0.10107925734177252,0.22452852701758405,0.9825015674839223,0.916387928415376,0.0847934379485165
terminalbenchHard,Scientific-coding,iii_f1,ridge,0.9668300922797466,1.0068470169215085,0.8425308002999575,0.8628407301637296,0.0652395726623366,0.0003828121092043224,1.0137409154837405
terminalbenchHard,Scientific-coding,iii_f1,elasticnet,0.9688938787762369,1.0091223594767327,0.8424723524293586,0.8663833899449503,0.061244651669938754,-0.004140301119198053,1.018327936395888
terminalbenchHard,Scientific-coding,iii_f1,rf,0.7711206538105062,1.0388874210093255,0.6180464542377203,0.831032076628933,0.4053729372668575,-0.06425013816822345,1.0792870735314077
terminalbenchHard,Scientific-coding,iii_f1,gbm,0.5576167691763954,1.1172720411262542,0.44462200111609523,0.8929545380607001,0.6890635387332786,-0.23090518660850567,1.2482968138824264
terminalbenchHard,Scientific-coding,iv_kfac,ridge,0.24460997207122376,0.2695037018761161,0.18968918820561664,0.20124226024751893,0.9401659615633151,0.9283796878344841,0.07263224532493048
terminalbenchHard,Scientific-coding,iv_kfac,elasticnet,0.2532694616383883,0.27839134231631785,0.199298838673278,0.21096469295229855,0.935854579801401,0.923578036864225,0.07750173947668125
terminalbenchHard,Scientific-coding,iv_kfac,rf,0.24175988599377438,0.6563864441445089,0.17275730657002877,0.5194358952125874,0.9415521575242772,0.57515946579823,0.4308431640566725
terminalbenchHard,Scientific-coding,iv_kfac,gbm,0.08818040474335295,0.6204078815905402,0.06744391396734023,0.47972282764614943,0.9922242162192985,0.6204566798001827,0.3849059395396617
terminalbenchHard,Scientific-coding,v_kfac_cov,ridge,0.23350651104332562,0.2819459213901103,0.1800807940518118,0.20499746184407194,0.9454747093003733,0.9216140235641906,0.07949350258851826
terminalbenchHard,Scientific-coding,v_kfac_cov,elasticnet,0.251627297053792,0.2786137212240232,0.19884627359941562,0.21408943820247797,0.9366837033774027,0.9234558964255266,0.07762560565429773
terminalbenchHard,Scientific-coding,v_kfac_cov,rf,0.21151656961951504,0.5023301126225279,0.15552582830236442,0.4167397587589503,0.9552607407763929,0.7511800687003751,0.2523355420473615
terminalbenchHard,Scientific-coding,v_kfac_cov,gbm,0.12877375992033532,0.49421772741974795,0.07761518505769018,0.38323265460947376,0.9834173187559798,0.7591518147643328,0.2442511620959403
gdpval_elo,Economic,i_date,ridge,0.7078105280375883,0.7201447517106441,0.5607293021156483,0.5735296389092567,0.49900425639915047,0.49021802050059826,0.5186084634163852
gdpval_elo,Economic,i_date,elasticnet,0.7078592661343873,0.7213857901835522,0.5611735738431142,0.5750698636838198,0.49893525934768657,0.4884594735300347,0.520397458278748
gdpval_elo,Economic,i_date,rf,0.5269703599122177,0.743356106638598,0.42447738475054236,0.5839162793979207,0.7223022397739877,0.45682633407549567,0.5525783012768947
gdpval_elo,Economic,i_date,gbm,0.37400906570524345,0.7719588020587921,0.3033910737988776,0.5944348978415696,0.8601172187702909,0.41422190626172517,0.5959203920760453
gdpval_elo,Economic,ii_meanidx,ridge,0.37121370822994887,0.3850696226170533,0.29363306324201194,0.3045752909526197,0.8622003828221704,0.8542450213824517,0.14827861426243985
gdpval_elo,Economic,ii_meanidx,elasticnet,0.37270534743958494,0.3850450842150834,0.29516158025933226,0.3054746359561799,0.8610907239899382,0.8542635971416697,0.14825971687820064
gdpval_elo,Economic,ii_meanidx,rf,0.31673098074554273,0.43493721687215925,0.23670500985414553,0.3356855168285271,0.8996814858359666,0.8140492126185946,0.1891703826204997
gdpval_elo,Economic,ii_meanidx,gbm,0.20212308653453756,0.4640562696615912,0.15559672209963202,0.36621130500029375,0.9591462578897518,0.7883169089258362,0.21534822141223145
gdpval_elo,Economic,iii_f1,ridge,0.9331634031168048,0.9341823024028605,0.7270016247998465,0.7297292665129925,0.1292060630834636,0.14215633094782765,0.8726965741227094
gdpval_elo,Economic,iii_f1,elasticnet,0.9327805898729351,0.9315008378483804,0.7245426144345878,0.7257991261561202,0.12992037115629906,0.14707394936770846,0.8676938109122349
gdpval_elo,Economic,iii_f1,rf,0.7639829198324057,0.9926428711677954,0.5843388086236879,0.7579847948770647,0.41633009820435185,0.031430173861279,0.9853398696802443
gdpval_elo,Economic,iii_f1,gbm,0.5008547951724626,1.0630474815910407,0.39325702513616695,0.7716300764707347,0.7491444741527505,-0.11083666342205811,1.1300699481170537
gdpval_elo,Economic,iv_kfac,ridge,0.3425579992183888,0.3492763080240315,0.26630746367276853,0.26821713243637363,0.8826540171714943,0.880082342896013,0.12199393934689813
gdpval_elo,Economic,iv_kfac,elasticnet,0.3478372804256126,0.3516486760584894,0.27160483584367506,0.26983454584218275,0.8790092263461137,0.8784477918664222,0.12365679137368842
gdpval_elo,Economic,iv_kfac,rf,0.2136974285964419,0.6030966528321848,0.16635935015620706,0.44500798999874247,0.9543334090112686,0.6424648737848253,0.36372557265738487
gdpval_elo,Economic,iv_kfac,gbm,0.12685059401485338,0.5537837719821652,0.09042223183661117,0.4404854973785189,0.9839089267980788,0.6985430300733062,0.30667646611079474
gdpval_elo,Economic,v_kfac_cov,ridge,0.33324056608963437,0.367120172470317,0.25652132492050594,0.2714948371759164,0.88895072511226,0.8675166269407744,0.13477722103463527
gdpval_elo,Economic,v_kfac_cov,elasticnet,0.3478600964961318,0.35730127383032734,0.2683354996143225,0.27051278175902577,0.8789933532657018,0.874508587265209,0.12766420028077458
gdpval_elo,Economic,v_kfac_cov,rf,0.2534231292998103,0.566563104766584,0.1945975445039688,0.43672913330200136,0.9357767175358916,0.6844694182933337,0.3209937516827513
gdpval_elo,Economic,v_kfac_cov,gbm,0.1372571406526109,0.6049129523572303,0.09545559893692894,0.4741842270636935,0.9811604773398694,0.640308109236354,0.3659196799295407
terminalbenchV21,Economic,i_date,ridge,0.7385567277207674,0.7558668619425258,0.6132409210750556,0.624225340877066,0.4545339599383923,0.4342110464873342,0.5713347129828413
terminalbenchV21,Economic,i_date,elasticnet,0.7386080426763039,0.7547261097697326,0.6134013692899142,0.624410573930885,0.45445815929387934,0.43591753204382644,0.5696115007681545
terminalbenchV21,Economic,i_date,rf,0.49592320955246816,0.7438671511177471,0.38894591344640683,0.56284903615911,0.7540601702271787,0.45203273602848115,0.5533383385120333
terminalbenchV21,Economic,i_date,gbm,0.3752735161272504,0.7788944431948128,0.3004617153998486,0.5653691148684771,0.8591697880934903,0.39921225753559675,0.6066765536397575
terminalbenchV21,Economic,ii_meanidx,ridge,0.39069261536659644,0.40060411033294074,0.2791560036157848,0.28331379682062,0.8473592802980088,0.8410741091947315,0.16048365321564698
terminalbenchV21,Economic,ii_meanidx,elasticnet,0.3921502242429368,0.4011634653699331,0.28382692433436635,0.2869811391672488,0.8462182016262144,0.8406299896411101,0.1609321259476135
terminalbenchV21,Economic,ii_meanidx,rf,0.3138285025633033,0.431011149274419,0.20472266860087993,0.29242252157511145,0.9015116709788747,0.8160326038504686,0.1857706107988555
terminalbenchV21,Economic,ii_meanidx,gbm,0.1875700368820543,0.46173067124368844,0.13338344868203497,0.30649955414179736,0.9648174812640647,0.7888742035370483,0.21319521276714712
terminalbenchV21,Economic,iii_f1,ridge,0.8880986722126272,0.8808237023667055,0.7677098375977445,0.7605937605803733,0.21128074841416866,0.2316805317495979,0.7758503946509906
terminalbenchV21,Economic,iii_f1,elasticnet,0.8879862314826876,0.8788916662239974,0.7668208650143336,0.7585899480646882,0.21148045269717475,0.23504736436726714,0.7724505609579945
terminalbenchV21,Economic,iii_f1,rf,0.7515553430847735,0.9449859440337655,0.6274471126565402,0.8044103742448653,0.4351645662807285,0.11566960974258289,0.8929984344213869
terminalbenchV21,Economic,iii_f1,gbm,0.5121065331020564,1.0532343214630044,0.4258824369096061,0.8252144345996076,0.7377468987541924,-0.09853489847198715,1.1093025359076356
terminalbenchV21,Economic,iv_kfac,ridge,0.33085269550430346,0.3634733770247701,0.24128915054061026,0.2627562132745045,0.8905364938775366,0.8691694809278444,0.1321128958057907
terminalbenchV21,Economic,iv_kfac,elasticnet,0.3363323603755664,0.37086825158063064,0.2543759964806106,0.2769903711395954,0.8868805433642001,0.8637918274752203,0.13754326003047396
terminalbenchV21,Economic,iv_kfac,rf,0.22423078483925438,0.636979472122029,0.1725887005529487,0.48360674934263187,0.949720555130372,0.5981955654106508,0.40574284790485865
terminalbenchV21,Economic,iv_kfac,gbm,0.13045329307353673,0.6579077349503474,0.09474771022242784,0.4765006273490752,0.9829819383262699,0.5713588739319369,0.43284258770749656
terminalbenchV21,Economic,v_kfac_cov,ridge,0.29559914413759775,0.332693205368317,0.21685173523660392,0.24972034982772842,0.9126211459851197,0.8903896120055808,0.11068476889824515
terminalbenchV21,Economic,v_kfac_cov,elasticnet,0.3256716070555634,0.3700535407513494,0.24844237437716457,0.2792712483216659,0.8939380043578466,0.8643896051757864,0.13693962302261062
terminalbenchV21,Economic,v_kfac_cov,rf,0.20901821360273043,0.5980862298530049,0.16647439076415013,0.46532460768414924,0.9563113863823234,0.6457650080306716,0.3577071383397814
terminalbenchV21,Economic,v_kfac_cov,gbm,0.10702861876632686,0.607886065703878,0.07199156367161336,0.4680113701869694,0.9885448747649722,0.6340613941683606,0.36952546887693954
tauBanking,Economic,i_date,ridge,0.8291095216829314,0.8424539589301585,0.6484848699609768,0.6594988217890587,0.31257740105470067,0.3038191966009294,0.7097286729170972
tauBanking,Economic,i_date,elasticnet,0.8290598097407753,0.8424535581939114,0.6484503818713335,0.659452818192961,0.3126598318725895,0.3038198589156188,0.7097279977135821
tauBanking,Economic,i_date,rf,0.6335820545009601,0.7956997621209918,0.48631811561175303,0.60976227343169,0.5985737802143425,0.37894773607950194,0.633138111439403
tauBanking,Economic,i_date,gbm,0.4774999423083139,0.8917088954070882,0.3670692355771199,0.6775613660435812,0.7719938050955569,0.22003360596076327,0.7951447541481294
tauBanking,Economic,ii_meanidx,ridge,0.4962601216469236,0.5063211368206987,0.3849774113641513,0.39556281863574966,0.7537258916629805,0.7485325323504637,0.2563610935914047
tauBanking,Economic,ii_meanidx,elasticnet,0.49729546059033836,0.5072278335404706,0.38364316995249226,0.393410398608456,0.7526972248762432,0.747631093079347,0.25728007511815937
tauBanking,Economic,ii_meanidx,rf,0.37115549454388264,0.49530192778668114,0.25385651434736195,0.34361918396456836,0.8622435988698859,0.7593589413813514,0.24532399966920268
tauBanking,Economic,ii_meanidx,gbm,0.21549083832338534,0.5539324209814668,0.16346456940562384,0.38123744126217307,0.9535636985986846,0.6990161022482657,0.306841127014389
tauBanking,Economic,iii_f1,ridge,0.952212077897624,0.9992394184674793,0.7563028390173455,0.780476969930301,0.09329215870588936,0.0205803596085119,0.9984794154192264
tauBanking,Economic,iii_f1,elasticnet,0.9533362587649722,0.9944297764732462,0.7591541025119587,0.7818421956455163,0.0911499777240059,0.02998615532481763,0.9888905803366302
tauBanking,Economic,iii_f1,rf,0.7682858348844611,1.0260782478715251,0.5743760949114395,0.7764595423737283,0.4097368759158866,-0.032739182797288935,1.052836570755099
tauBanking,Economic,iii_f1,gbm,0.47617064600885106,1.1342030730079635,0.3651278648867821,0.8082444696125184,0.7732615158795134,-0.26186045992210016,1.286416610820708
tauBanking,Economic,iv_kfac,ridge,0.41725393898180113,0.44719227261248995,0.299263809017629,0.3187622768950061,0.8258991504041714,0.8038364675000145,0.19998092868432352
tauBanking,Economic,iv_kfac,elasticnet,0.4217845224000885,0.45202379911995455,0.3084039494698459,0.32721016935073105,0.8220978166637293,0.7995748141572661,0.20432551497083704
tauBanking,Economic,iv_kfac,rf,0.3692222409913195,0.6896430943042677,0.2499017483475624,0.5054887411904286,0.863674936757348,0.5334711813398278,0.47560759752156506
tauBanking,Economic,iv_kfac,gbm,0.16829708145520622,0.6735459640787752,0.11022486573253899,0.500795704549247,0.9716760923736597,0.5549957393281904,0.45366416572680673
tauBanking,Economic,v_kfac_cov,ridge,0.4047696679935206,0.44723896979290584,0.29362387556331737,0.32177383569631335,0.8361615158724152,0.8037954973728383,0.20002269610141976
tauBanking,Economic,v_kfac_cov,elasticnet,0.41006300936325446,0.45084020518133894,0.3019854444760918,0.32498545216791014,0.8318483283519514,0.8006230397621686,0.2032568906079518
tauBanking,Economic,v_kfac_cov,rf,0.3173593388465086,0.6033913558036197,0.21395205178328772,0.4399477696447199,0.899283050046907,0.6428687440065268,0.3640811282585304
tauBanking,Economic,v_kfac_cov,gbm,0.168519209904466,0.5866858479744165,0.11710833763938422,0.43263261831040506,0.9716012758931746,0.6623700865726393,0.34420028421346016
